GROUP,PACKAGE,CLASS,INSTRUCTION_MISSED,INSTRUCTION_COVERED,BRANCH_MISSED,BRANCH_COVERED,LINE_MISSED,LINE_COVERED,COMPLEXITY_MISSED,COMPLEXITY_COVERED,METHOD_MISSED,METHOD_COVERED
AdviseContext/AdvisedCore,com.github.advisedtesting.core.internal,ProviderAwareObjectFactoryAggregate,2,257,5,27,0,41,5,30,0,19
AdviseContext/AdvisedCore,com.github.advisedtesting.core.internal,SimpleObjectFactory,0,117,1,7,0,25,1,13,0,10
AdviseContext/AdvisedCore,com.github.advisedtesting.core.internal,AdviceAnnotationEvaluator,8,185,4,26,3,36,5,16,1,5
AdviseContext/AdvisedCore,com.github.advisedtesting.core.internal,TestContext,7,158,3,13,3,38,3,13,0,8
AdviseContext/AdvisedCore,com.github.advisedtesting.core.internal,ExceptionEvaluator,0,28,0,6,0,9,0,5,0,2
AdviseContext/AdvisedCore,com.github.advisedtesting.core.internal,TestContext.new Runnable() {...},0,10,0,0,0,3,0,2,0,2
AdviseContext/AdvisedCore,com.github.advisedtesting.core,ConstraintException,23,0,0,0,10,0,5,0,5,0
AdviseContext/AdvisedJunit4,com.github.advisedtesting.junit4,Junit4AopClassRunner.IvokationMethodWithArguments,0,21,0,0,0,7,0,2,0,2
AdviseContext/AdvisedJunit4,com.github.advisedtesting.junit4,Junit4AopClassRunner.DelayedConstructionStatement,4,151,1,3,2,29,1,4,0,3
AdviseContext/AdvisedJunit4,com.github.advisedtesting.junit4,Junit4AopClassRunner.AdvisedStatement.new ContextAwareMethodInvocation() {...},13,25,0,0,5,6,5,4,5,4
AdviseContext/AdvisedJunit4,com.github.advisedtesting.junit4,Junit4AopClassRunner.AdvisedStatement,0,33,0,0,0,10,0,2,0,2
AdviseContext/AdvisedJunit4,com.github.advisedtesting.junit4,Junit4AopClassRunner,20,129,3,5,5,30,2,10,0,8
